Date,Product_Category,Sales_Volume,Price,Promotion,Store_Location,Weekday,Supplier_Cost,Replenishment_Lead_Time,Stock_Level
2022-01-01,Household,1583,5.190661374,0,Urban,5,9.299280855,9,207
2022-01-02,Personal Care,1103,8.949595985,0,Urban,6,13.27410858,5,253
2022-01-03,Dairy,455,4.867987327,0,Rural,0,13.30226484,9,245
2022-01-04,Personal Care,1107,16.96859572,1,Urban,1,10.05615845,5,265
2022-01-05,Personal Care,1447,4.309673395,1,Rural,2,3.562861556,8,334
2022-01-06,Snacks,1256,19.25483048,1,Urban,3,13.01345405,1,245
2022-01-07,Dairy,987,8.902239957,0,Suburban,4,13.34835481,7,356
2022-01-08,Dairy,1928,17.07866055,0,Rural,5,3.351476982,4,201
2022-01-09,Dairy,1963,12.94653155,1,Rural,6,11.19267824,5,63
2022-01-10,Personal Care,226,14.97165567,1,Urban,0,4.654533459,6,374
2022-01-11,Household,1229,15.58675387,0,Rural,1,12.13828453,5,195
2022-01-12,Dairy,1108,10.59205276,0,Rural,2,14.95994955,1,475
2022-01-13,Personal Care,703,11.32270994,0,Suburban,3,0.935377077,9,106
2022-01-14,Snacks,1922,10.76592149,0,Suburban,4,13.51180505,2,260
2022-01-15,Household,1501,12.17310918,1,Urban,5,9.528142737,9,317
2022-01-16,Snacks,1113,1.558494469,0,Suburban,6,14.61404798,2,259
2022-01-17,Household,150,8.514788227,0,Urban,0,7.242638004,9,66
2022-01-18,Personal Care,1152,12.51758556,0,Urban,1,12.78712499,6,335
2022-01-19,Beverages,1585,12.35674774,1,Urban,2,1.404713995,9,393
2022-01-20,Household,1419,16.0661658,1,Rural,3,5.361546226,6,252
2022-01-21,Snacks,1420,13.44517744,0,Suburban,4,1.471739797,6,148
2022-01-22,Personal Care,1849,19.85053301,0,Urban,5,14.64247544,2,328
2022-01-23,Household,878,6.393236044,0,Suburban,6,12.34612166,8,258
2022-01-24,Beverages,1530,7.823869564,1,Urban,0,12.86193761,3,178
2022-01-25,Beverages,1892,8.293095885,1,Suburban,1,14.10049586,7,384
2022-01-26,Dairy,913,9.850443333,1,Suburban,2,1.734000549,5,337
2022-01-27,Dairy,1736,16.88396321,0,Urban,3,6.091165091,3,301
2022-01-28,Snacks,1528,5.480049785,1,Rural,4,1.530005891,1,314
2022-01-29,Household,1469,15.74400393,0,Suburban,5,3.556499972,8,320
2022-01-30,Household,1745,8.700893479,0,Rural,6,3.825803767,3,461
2022-01-31,Dairy,519,12.43525229,0,Rural,0,7.30205456,2,457
2022-02-01,Household,1305,13.01827013,1,Urban,1,4.394151428,1,237
2022-02-02,Household,1082,8.084124107,0,Urban,2,1.964182549,4,468
2022-02-03,Beverages,924,10.7396889,1,Urban,3,2.928620792,8,263
2022-02-04,Dairy,1124,8.847592318,1,Suburban,4,2.635495672,3,332
2022-02-05,Personal Care,1954,2.313522938,0,Urban,5,14.60961357,1,260
2022-02-06,Dairy,666,9.306142388,0,Urban,6,11.50974135,4,414
2022-02-07,Personal Care,470,2.850474459,1,Suburban,0,14.53254125,9,125
2022-02-08,Beverages,1035,8.695395183,0,Suburban,1,6.876237054,1,197
2022-02-09,Snacks,760,12.2654496,1,Urban,2,4.536342984,2,370
2022-02-10,Household,1554,12.00888309,0,Urban,3,12.07525136,9,262
2022-02-11,Beverages,1068,13.5898043,1,Urban,4,5.230681812,2,482
2022-02-12,Household,1432,2.809968651,1,Urban,5,4.841058919,3,158
2022-02-13,Snacks,1260,13.39034167,1,Rural,6,3.871336887,7,178
2022-02-14,Snacks,301,6.930813077,1,Rural,0,2.380345184,3,59
2022-02-15,Beverages,1559,8.581872977,0,Urban,1,4.218714385,9,96
2022-02-16,Snacks,412,17.30173882,0,Rural,2,5.652136353,6,428
2022-02-17,Personal Care,216,1.171577678,1,Suburban,3,10.27291602,3,364
2022-02-18,Snacks,1789,12.17984003,1,Rural,4,1.407190212,9,145
2022-02-19,Household,1036,12.37556562,0,Rural,5,3.552350625,1,495
2022-02-20,Household,1926,8.536535751,0,Urban,6,12.23084278,3,152
2022-02-21,Household,674,5.503529285,0,Rural,0,2.630367892,1,429
2022-02-22,Household,343,5.458806727,0,Rural,1,5.468354625,2,391
2022-02-23,Personal Care,636,17.79048372,0,Rural,2,13.03755437,8,195
2022-02-24,Dairy,1725,9.398463102,0,Rural,3,2.746417012,7,417
2022-02-25,Beverages,174,7.286897897,1,Suburban,4,1.699684116,2,479
2022-02-26,Household,1929,9.526773903,0,Urban,5,7.525800929,2,465
2022-02-27,Snacks,485,13.71841763,0,Urban,6,4.885082914,9,76
2022-02-28,Household,1333,3.769374797,1,Suburban,0,8.669421285,6,269
2022-03-01,Snacks,574,9.539242869,0,Rural,1,12.15517091,5,67
2022-03-02,Snacks,517,12.16980305,0,Suburban,2,2.488653078,6,216
2022-03-03,Household,446,19.02308374,0,Rural,3,8.920136726,9,482
2022-03-04,Personal Care,1652,5.798027859,0,Suburban,4,7.829877026,7,131
2022-03-05,Snacks,739,7.82576421,0,Urban,5,2.589142397,9,477
2022-03-06,Snacks,1038,8.207813209,1,Urban,6,9.54797804,4,121
2022-03-07,Household,1054,12.505225,0,Urban,0,4.467786059,2,359
2022-03-08,Snacks,975,7.777909008,1,Rural,1,7.573597619,8,303
2022-03-09,Snacks,862,11.13672658,1,Rural,2,1.692948702,4,211
2022-03-10,Household,1302,15.85401627,0,Suburban,3,7.16396883,9,376
2022-03-11,Household,1305,14.40232629,1,Suburban,4,4.943720287,4,469
2022-03-12,Beverages,763,9.481004284,0,Urban,5,12.42452756,8,451
2022-03-13,Personal Care,124,17.42010738,1,Rural,6,1.326191541,9,87
2022-03-14,Personal Care,1303,11.60466474,1,Suburban,0,6.569805486,9,492
2022-03-15,Snacks,809,11.25821095,0,Rural,1,7.14725565,4,442
2022-03-16,Personal Care,1624,1.649567553,0,Rural,2,11.01258811,1,250
2022-03-17,Snacks,1979,19.74716663,0,Urban,3,8.827169839,3,249
2022-03-18,Beverages,1284,3.336445362,0,Urban,4,10.17457889,9,304
2022-03-19,Household,276,5.391487336,0,Rural,5,11.76721464,4,228
2022-03-20,Household,384,1.982239908,1,Rural,6,13.00194312,5,84
2022-03-21,Household,162,13.16005637,1,Rural,0,5.051194702,7,131
2022-03-22,Personal Care,1102,5.269322362,1,Rural,1,8.301329228,5,438
2022-03-23,Beverages,761,4.420198312,1,Urban,2,12.68156714,4,447
2022-03-24,Personal Care,765,2.6825561,1,Suburban,3,14.8470414,2,269
2022-03-25,Personal Care,255,2.962870185,1,Urban,4,13.39803001,2,207
2022-03-26,Beverages,1592,12.10874331,1,Suburban,5,5.886275308,4,53
2022-03-27,Beverages,1172,14.07594945,0,Rural,6,3.3299145,9,216
2022-03-28,Beverages,1066,8.550200781,0,Suburban,0,7.596191792,8,497
2022-03-29,Beverages,948,10.11804455,1,Urban,1,11.25380105,3,458
2022-03-30,Household,1207,14.03338698,1,Urban,2,7.642251526,9,461
2022-03-31,Dairy,1484,1.330216014,0,Rural,3,7.506122518,5,253
2022-04-01,Dairy,788,7.139482484,0,Urban,4,12.65434111,3,243
2022-04-02,Beverages,247,19.48885721,0,Rural,5,5.740354796,5,284
2022-04-03,Dairy,1753,12.02213236,0,Urban,6,12.96702278,4,255
2022-04-04,Dairy,441,5.830267018,1,Urban,0,6.398669614,8,199
2022-04-05,Beverages,575,10.91287089,0,Rural,1,5.259380032,5,208
2022-04-06,Dairy,1186,7.510416274,1,Suburban,2,7.082853712,8,328
2022-04-07,Personal Care,1824,11.11265479,1,Urban,3,11.5554809,9,353
2022-04-08,Snacks,1483,3.389088724,1,Suburban,4,2.327029404,4,453
2022-04-09,Snacks,660,3.521578423,0,Urban,5,3.34807863,7,430
2022-04-10,Beverages,426,3.727304879,0,Urban,6,14.29594997,2,215
2022-04-11,Household,1892,18.85657605,1,Urban,0,3.044628597,6,360
2022-04-12,Beverages,1859,14.92507945,1,Urban,1,8.73204611,8,117
2022-04-13,Household,1264,4.085255999,1,Suburban,2,8.900059767,7,137
2022-04-14,Snacks,1089,4.578632592,0,Suburban,3,7.5995547,7,266
2022-04-15,Beverages,314,14.88576002,1,Urban,4,9.848806104,8,50
2022-04-16,Personal Care,534,3.967113051,0,Urban,5,3.832487524,7,184
2022-04-17,Dairy,1051,5.456664573,1,Suburban,6,8.513602883,5,234
2022-04-18,Household,822,19.30358982,1,Rural,0,5.896512201,7,400
2022-04-19,Dairy,1441,5.85082397,1,Rural,1,10.09417526,3,189
2022-04-20,Dairy,131,13.57101466,0,Suburban,2,2.547741379,5,155
2022-04-21,Beverages,769,19.59399446,0,Urban,3,8.777722544,7,182
2022-04-22,Dairy,384,8.111638576,1,Urban,4,3.186420153,9,157
2022-04-23,Personal Care,1428,1.332803826,0,Rural,5,4.540324415,2,227
2022-04-24,Dairy,528,5.638798518,1,Rural,6,3.671292105,4,347
2022-04-25,Beverages,1600,16.78666664,0,Suburban,0,3.151147808,7,407
2022-04-26,Personal Care,385,17.42756788,0,Rural,1,12.4728088,1,429
2022-04-27,Snacks,1267,15.60186793,0,Suburban,2,4.642759731,2,445
2022-04-28,Dairy,1547,3.149086562,1,Rural,3,13.94329484,9,408
2022-04-29,Beverages,1142,16.11469706,0,Rural,4,14.56393462,7,195
2022-04-30,Snacks,117,18.45487814,0,Rural,5,8.783276814,7,499
2022-05-01,Snacks,868,12.41158131,1,Urban,6,2.573516279,6,123
2022-05-02,Household,689,18.87663177,1,Urban,0,5.930949529,3,157
2022-05-03,Personal Care,1494,16.70993879,1,Urban,1,12.06711782,3,171
2022-05-04,Dairy,1298,13.67245882,1,Rural,2,5.827165566,2,66
2022-05-05,Beverages,1109,11.9665195,0,Suburban,3,1.761749665,6,245
2022-05-06,Household,293,7.622899678,0,Suburban,4,8.573381208,4,376
2022-05-07,Personal Care,601,4.02646146,0,Suburban,5,12.75425235,5,367
2022-05-08,Household,1087,12.49412453,0,Suburban,6,12.04093261,3,346
2022-05-09,Personal Care,1236,7.044119519,0,Urban,0,3.039285532,6,301
2022-05-10,Personal Care,213,17.46233468,1,Urban,1,10.25508691,3,168
2022-05-11,Dairy,1345,19.87340181,0,Rural,2,3.69731182,8,211
2022-05-12,Personal Care,1801,15.29612749,0,Rural,3,3.664009251,9,247
2022-05-13,Household,1046,2.71915221,0,Suburban,4,13.17404071,4,94
2022-05-14,Personal Care,930,6.485026315,1,Urban,5,4.120199815,9,363
2022-05-15,Dairy,1767,3.073083004,1,Suburban,6,4.317086525,7,228
2022-05-16,Dairy,1387,13.35972131,0,Rural,0,0.509474166,3,431
2022-05-17,Household,1024,15.53862643,1,Rural,1,13.12470099,7,467
2022-05-18,Snacks,154,18.58782179,1,Suburban,2,11.99262479,1,93
2022-05-19,Snacks,1994,9.325274582,1,Rural,3,9.596269559,3,320
2022-05-20,Personal Care,1766,18.12613734,1,Suburban,4,11.37885358,6,127
2022-05-21,Beverages,899,17.67993202,1,Urban,5,2.704704228,4,375
2022-05-22,Personal Care,877,7.026718619,1,Suburban,6,7.145692122,7,227
2022-05-23,Household,1581,17.50911189,1,Urban,0,5.592681117,3,406
2022-05-24,Household,261,8.137772786,0,Urban,1,1.859759631,1,465
2022-05-25,Household,1503,6.640516217,0,Rural,2,7.548892036,9,52
2022-05-26,Household,186,13.33241852,1,Rural,3,13.85072493,6,263
2022-05-27,Household,154,7.23924333,0,Rural,4,1.080857226,8,391
2022-05-28,Dairy,1599,12.97396622,0,Suburban,5,4.726183246,3,123
2022-05-29,Snacks,1923,12.5868043,1,Suburban,6,3.509343575,8,100
2022-05-30,Household,1301,11.70533962,0,Rural,0,3.953126478,2,116
2022-05-31,Beverages,1514,8.22797438,1,Suburban,1,13.672301,4,381
2022-06-01,Beverages,1472,11.42149471,1,Rural,2,7.287001286,3,142
2022-06-02,Beverages,1131,12.33322402,1,Suburban,3,7.261341488,1,225
2022-06-03,Beverages,932,11.36805088,0,Urban,4,11.52834682,7,194
2022-06-04,Dairy,412,9.443969602,0,Urban,5,2.740136958,2,56
2022-06-05,Beverages,858,1.278674084,0,Rural,6,7.565347634,4,318
2022-06-06,Household,1958,12.15417245,0,Suburban,0,6.734785605,9,425
2022-06-07,Personal Care,542,4.200443318,1,Suburban,1,9.155205013,6,371
2022-06-08,Beverages,1890,13.20894341,1,Urban,2,14.9935867,8,53
2022-06-09,Dairy,427,15.42754223,0,Urban,3,11.65700896,2,187
2022-06-10,Dairy,1177,10.50846087,1,Rural,4,6.269052694,7,280
2022-06-11,Beverages,860,11.30490963,1,Urban,5,12.49951926,6,137
2022-06-12,Personal Care,1362,19.07809263,0,Rural,6,2.975271268,9,66
2022-06-13,Beverages,1352,17.09617987,1,Urban,0,0.941723451,7,101
2022-06-14,Dairy,678,18.3704938,0,Urban,1,3.464501401,1,183
2022-06-15,Snacks,1174,16.46155948,1,Suburban,2,5.435967564,8,260
2022-06-16,Household,1732,3.069448495,0,Urban,3,7.903420983,3,374
2022-06-17,Dairy,1727,3.830845263,1,Urban,4,9.419372538,2,442
2022-06-18,Beverages,1106,11.00585215,1,Rural,5,13.7037829,3,268
2022-06-19,Household,1387,5.675323517,0,Urban,6,7.892883138,6,254
2022-06-20,Beverages,1541,10.05721403,0,Rural,0,7.768496847,3,260
2022-06-21,Beverages,1926,8.492941153,0,Urban,1,1.228523642,5,326
2022-06-22,Snacks,195,11.43887053,0,Urban,2,1.006217514,6,73
2022-06-23,Household,1211,15.19063861,1,Rural,3,8.491819448,8,53
2022-06-24,Household,1201,14.59432723,1,Suburban,4,6.853589892,7,201
2022-06-25,Snacks,1411,10.90344852,0,Rural,5,12.66811573,8,492
2022-06-26,Dairy,1243,16.62547496,1,Rural,6,2.829853978,3,308
2022-06-27,Beverages,913,9.186379739,0,Rural,0,0.862089101,4,373
2022-06-28,Personal Care,590,18.03757151,0,Suburban,1,7.011062135,6,406
2022-06-29,Beverages,551,2.354325131,1,Urban,2,3.943439073,7,217
2022-06-30,Beverages,1623,19.13854057,1,Rural,3,1.219408413,9,225
2022-07-01,Dairy,264,13.43916855,0,Rural,4,11.00667516,1,359
2022-07-02,Beverages,281,8.22141567,0,Suburban,5,2.118098499,8,340
2022-07-03,Snacks,568,4.745928405,0,Rural,6,9.32063275,8,105
2022-07-04,Snacks,1009,10.10448136,1,Urban,0,4.575221377,6,157
2022-07-05,Household,834,4.696608141,1,Suburban,1,3.01569273,4,345
2022-07-06,Personal Care,922,4.160300547,1,Urban,2,6.006397082,3,373
2022-07-07,Beverages,1043,12.72968339,1,Urban,3,12.12096376,3,351
2022-07-08,Beverages,106,10.93860977,0,Suburban,4,6.185356865,6,383
2022-07-09,Dairy,429,13.73182466,0,Rural,5,11.38615991,8,190
2022-07-10,Snacks,874,18.66251167,0,Urban,6,2.319551304,7,204
2022-07-11,Personal Care,1796,11.11294405,0,Urban,0,11.70518559,1,311
2022-07-12,Household,250,12.03770901,0,Urban,1,3.935533211,6,322
2022-07-13,Snacks,1208,2.702900444,0,Urban,2,10.32220038,7,469
2022-07-14,Household,246,14.63507993,1,Suburban,3,8.703832545,7,281
2022-07-15,Dairy,1747,8.598198929,1,Suburban,4,13.9725984,9,290
2022-07-16,Dairy,1504,19.55777953,0,Urban,5,6.116176511,5,404
2022-07-17,Beverages,1014,16.6403063,0,Rural,6,1.459395238,1,386
2022-07-18,Personal Care,1671,10.92713977,1,Urban,0,0.77775454,2,307
2022-07-19,Household,1408,3.341230429,1,Rural,1,12.48944913,4,298
2022-07-20,Snacks,799,17.32890007,1,Urban,2,8.108666746,5,126
2022-07-21,Dairy,181,16.19584081,1,Rural,3,11.74103875,9,229
2022-07-22,Beverages,613,4.507117461,0,Urban,4,3.8991712,1,115
2022-07-23,Beverages,914,6.610287495,0,Rural,5,5.50371431,3,357
2022-07-24,Household,808,16.0747379,0,Urban,6,0.936506147,5,397
2022-07-25,Dairy,1646,4.519340484,0,Urban,0,14.44163871,3,220
2022-07-26,Personal Care,845,18.43729729,0,Rural,1,10.18408465,4,71
2022-07-27,Dairy,1122,9.066021079,1,Suburban,2,14.03147377,3,416
2022-07-28,Household,1509,2.653740289,0,Rural,3,4.349697908,4,156
2022-07-29,Household,806,16.49922423,1,Suburban,4,9.366222363,1,488
2022-07-30,Dairy,570,8.096683978,0,Urban,5,10.33824954,8,372
2022-07-31,Household,1242,11.00348469,0,Rural,6,5.104470654,4,276
2022-08-01,Dairy,495,3.133782544,0,Rural,0,12.79758391,7,493
2022-08-02,Snacks,1655,1.049096282,0,Rural,1,14.23384121,2,491
2022-08-03,Dairy,360,13.12171891,0,Suburban,2,13.33039921,2,445
2022-08-04,Dairy,904,10.78832824,1,Suburban,3,11.21647115,6,265
2022-08-05,Household,1033,12.27723281,1,Urban,4,4.523237856,2,118
2022-08-06,Household,1379,16.08113316,1,Suburban,5,4.583432611,6,133
2022-08-07,Beverages,1857,13.28551236,0,Suburban,6,14.46872465,2,152
2022-08-08,Beverages,1004,4.320695414,0,Urban,0,0.649125191,4,88
2022-08-09,Snacks,1349,7.854677863,1,Rural,1,10.88272461,7,62
2022-08-10,Beverages,1176,18.21193099,0,Rural,2,10.74056936,8,346
2022-08-11,Dairy,1039,15.6289493,0,Urban,3,9.528998344,3,362
2022-08-12,Household,1990,11.5761041,1,Rural,4,14.85657827,9,230
2022-08-13,Beverages,1623,5.857254958,0,Suburban,5,5.022251819,2,317
2022-08-14,Beverages,1629,6.739149535,1,Urban,6,5.429592025,8,62
2022-08-15,Snacks,953,14.90720328,0,Urban,0,1.644621343,8,169
2022-08-16,Snacks,1487,17.17231096,1,Urban,1,6.92057298,4,402
2022-08-17,Dairy,1403,13.75706872,0,Rural,2,4.28520363,1,106
2022-08-18,Household,692,16.38106954,0,Urban,3,5.479107182,1,89
2022-08-19,Snacks,813,15.56646657,1,Urban,4,12.60129096,2,423
2022-08-20,Beverages,1281,3.844375391,0,Urban,5,14.06452545,9,385
2022-08-21,Household,731,9.054951445,0,Rural,6,3.193129544,2,177
2022-08-22,Household,158,3.906692216,1,Suburban,0,5.901379508,2,222
2022-08-23,Beverages,1850,5.469476111,0,Urban,1,13.96514315,6,84
2022-08-24,Snacks,227,17.51593287,1,Suburban,2,1.39622268,7,308
2022-08-25,Beverages,835,9.984947347,0,Rural,3,1.839227658,7,425
2022-08-26,Household,820,11.17180394,0,Rural,4,2.860469343,9,54
2022-08-27,Personal Care,1238,4.390473339,0,Rural,5,9.130586095,6,267
2022-08-28,Personal Care,1332,6.933163935,0,Rural,6,2.68184793,8,60
2022-08-29,Dairy,625,5.3746772,1,Suburban,0,14.53710753,6,431
2022-08-30,Beverages,620,4.917537126,0,Urban,1,6.977360645,2,376
2022-08-31,Beverages,651,13.12125507,1,Rural,2,7.772010425,1,166
2022-09-01,Dairy,336,5.880793105,0,Rural,3,4.076549929,5,233
2022-09-02,Dairy,1404,13.00829423,0,Suburban,4,7.32892366,9,443
2022-09-03,Dairy,1482,2.110637668,0,Suburban,5,10.09774767,8,411
2022-09-04,Household,1324,3.693713477,0,Rural,6,11.39206849,4,165
2022-09-05,Beverages,1881,6.216264826,1,Urban,0,11.4310872,5,211
2022-09-06,Household,1401,12.34389142,1,Urban,1,8.879421134,5,116
2022-09-07,Dairy,1358,13.84098366,1,Rural,2,13.61321674,6,249
2022-09-08,Beverages,593,9.411622369,1,Suburban,3,12.35241379,3,80
2022-09-09,Household,103,9.470027377,0,Rural,4,11.47719766,5,124
2022-09-10,Household,765,14.76582018,1,Rural,5,1.306280064,2,286
2022-09-11,Dairy,541,1.300600744,1,Suburban,6,0.599730452,1,376
2022-09-12,Beverages,128,7.480710465,0,Rural,0,3.580485519,1,115
2022-09-13,Dairy,1232,16.55543409,0,Rural,1,10.12109211,7,119
2022-09-14,Beverages,709,12.46116879,0,Rural,2,6.462363589,2,346
2022-09-15,Personal Care,1850,7.407315522,0,Suburban,3,6.33489076,4,496
2022-09-16,Snacks,904,18.20497105,1,Urban,4,13.32650988,5,465
2022-09-17,Snacks,174,15.67983182,1,Urban,5,13.4856613,7,69
2022-09-18,Snacks,937,6.033013497,0,Suburban,6,13.68304133,2,490
2022-09-19,Dairy,1269,13.26050691,0,Urban,0,5.051232109,6,275
2022-09-20,Personal Care,227,12.31926384,0,Rural,1,10.52030928,1,483
2022-09-21,Beverages,1976,8.622570367,1,Urban,2,4.438681128,7,458
2022-09-22,Household,141,7.972165505,1,Rural,3,3.26384258,9,445
2022-09-23,Beverages,1479,7.527649021,0,Urban,4,3.177170632,5,248
2022-09-24,Household,140,12.72595988,0,Suburban,5,5.460560503,5,88
2022-09-25,Beverages,1033,9.405788793,1,Urban,6,6.734385487,4,194
2022-09-26,Personal Care,133,16.80539915,0,Urban,0,12.54876298,3,94
2022-09-27,Household,1140,13.72244971,0,Urban,1,2.238420855,9,444
2022-09-28,Dairy,1800,2.328700508,1,Suburban,2,11.15642479,5,375
2022-09-29,Beverages,1276,13.16319625,0,Urban,3,8.206096256,8,430
2022-09-30,Beverages,1097,6.151801294,1,Suburban,4,4.675207469,9,456
2022-10-01,Household,1501,12.26342784,0,Rural,5,7.645883976,5,140
2022-10-02,Dairy,687,13.92250669,0,Urban,6,4.849160012,9,287
2022-10-03,Dairy,1722,5.385754594,1,Suburban,0,9.143188351,2,119
2022-10-04,Personal Care,1752,9.680314253,1,Suburban,1,6.790736881,9,215
2022-10-05,Dairy,1997,4.616172394,0,Urban,2,2.883880172,4,179
2022-10-06,Dairy,441,1.99443864,1,Rural,3,2.190454581,6,263
2022-10-07,Dairy,126,8.191052046,0,Suburban,4,8.42708739,6,389
2022-10-08,Snacks,1948,7.895941165,0,Urban,5,13.58498898,6,138
2022-10-09,Personal Care,1410,19.91412932,1,Rural,6,5.487386455,2,384
2022-10-10,Beverages,745,9.480694673,0,Suburban,0,11.12850155,7,301
2022-10-11,Household,830,7.33782144,0,Suburban,1,10.05058965,6,418
2022-10-12,Beverages,267,12.02902513,1,Rural,2,14.00754626,1,398
2022-10-13,Personal Care,709,2.686580488,1,Rural,3,12.40422475,2,121
2022-10-14,Household,367,19.27164898,0,Urban,4,8.715776254,7,214
2022-10-15,Personal Care,1872,13.06424087,1,Urban,5,10.02694222,1,98
2022-10-16,Dairy,920,15.34191858,1,Suburban,6,13.52660377,1,101
2022-10-17,Household,554,4.239080825,1,Rural,0,6.293022377,1,338
2022-10-18,Dairy,1005,8.780079207,1,Rural,1,5.238523235,8,327
2022-10-19,Beverages,1808,9.031093155,0,Rural,2,0.656760713,4,163
2022-10-20,Beverages,1524,16.61432243,0,Suburban,3,12.48499058,4,288
2022-10-21,Household,1021,1.023496915,0,Rural,4,12.11422016,2,182
2022-10-22,Household,1080,6.716209059,1,Rural,5,2.014590512,1,323
2022-10-23,Personal Care,1599,19.64349111,1,Suburban,6,8.864432026,9,215
2022-10-24,Personal Care,801,10.02284433,1,Urban,0,7.227734623,7,423
2022-10-25,Dairy,733,8.267999325,1,Urban,1,2.221281885,4,422
2022-10-26,Household,1681,3.276751038,1,Suburban,2,14.71823929,6,342
2022-10-27,Beverages,1699,19.50912794,1,Rural,3,3.613090368,2,292
2022-10-28,Personal Care,229,1.380500763,1,Suburban,4,1.474895611,7,369
2022-10-29,Personal Care,1119,15.00642428,0,Urban,5,9.125287003,2,187
2022-10-30,Beverages,1945,15.60339629,0,Urban,6,11.21356682,8,128
2022-10-31,Personal Care,1486,5.629477605,1,Suburban,0,0.970429968,8,219
2022-11-01,Dairy,1828,13.75961043,1,Suburban,1,10.05140576,1,172
2022-11-02,Household,918,2.765653743,1,Urban,2,8.218232201,8,225
2022-11-03,Beverages,792,5.883898062,0,Suburban,3,1.997342629,2,349
2022-11-04,Household,1415,15.97013778,0,Urban,4,3.001596216,6,131
2022-11-05,Personal Care,1494,17.42903765,1,Suburban,5,8.735627311,1,136
2022-11-06,Personal Care,893,12.56124184,1,Suburban,6,4.797185396,5,274
2022-11-07,Beverages,128,10.6299302,0,Suburban,0,14.10557807,7,65
2022-11-08,Dairy,248,4.026776392,0,Urban,1,12.37173333,1,359
2022-11-09,Snacks,1902,2.199071629,0,Suburban,2,14.76172449,2,407
2022-11-10,Beverages,1419,3.235331541,0,Urban,3,4.265227165,7,212
2022-11-11,Snacks,110,5.319788702,1,Urban,4,14.56099268,6,147
2022-11-12,Snacks,1635,7.491815536,0,Suburban,5,6.752891112,3,205
2022-11-13,Dairy,775,8.237280985,0,Suburban,6,5.539022532,2,51
2022-11-14,Snacks,1236,7.580113603,1,Urban,0,1.230068141,4,399
2022-11-15,Snacks,286,5.542051312,0,Urban,1,1.265096239,3,446
2022-11-16,Dairy,906,10.68476069,0,Rural,2,10.53416321,7,218
2022-11-17,Snacks,843,16.68043606,0,Urban,3,7.139970419,8,364
2022-11-18,Snacks,1350,6.314367231,1,Rural,4,3.784563578,2,374
2022-11-19,Snacks,1433,18.90535336,0,Rural,5,9.402569442,7,424
2022-11-20,Beverages,197,17.59339657,1,Rural,6,4.166442715,8,141
2022-11-21,Beverages,154,4.073520016,1,Suburban,0,8.875660438,6,230
2022-11-22,Beverages,722,15.93924318,0,Suburban,1,5.708526831,6,280
2022-11-23,Dairy,763,11.91716026,0,Urban,2,12.44150729,1,350
2022-11-24,Personal Care,857,11.76493188,0,Rural,3,12.40009433,4,197
2022-11-25,Snacks,505,8.429812498,0,Suburban,4,7.421580773,1,329
2022-11-26,Snacks,168,10.52190698,1,Suburban,5,5.586877085,4,238
2022-11-27,Dairy,1435,8.546396771,0,Suburban,6,5.75711705,2,396
2022-11-28,Snacks,1412,11.25491976,0,Suburban,0,12.18286062,5,399
2022-11-29,Beverages,1885,12.931051,0,Suburban,1,5.258602501,9,363
2022-11-30,Personal Care,1671,13.81177232,1,Rural,2,3.531360919,3,460
2022-12-01,Household,850,11.11714266,0,Rural,3,1.727980957,8,459
2022-12-02,Snacks,1271,14.70701928,0,Rural,4,7.267050253,3,177
2022-12-03,Beverages,1590,3.684282936,1,Rural,5,7.490915434,6,56
2022-12-04,Household,1862,5.027667327,1,Urban,6,12.6931763,4,475
2022-12-05,Personal Care,1367,16.55596508,0,Rural,0,3.707961098,8,96
2022-12-06,Household,1614,7.128031579,0,Suburban,1,6.024373468,6,102
2022-12-07,Beverages,1972,1.434982675,0,Rural,2,12.22188321,8,236
2022-12-08,Household,1057,3.922031844,0,Urban,3,12.44254236,1,87
2022-12-09,Dairy,1630,5.248674255,0,Suburban,4,6.076860602,6,275
2022-12-10,Household,464,19.18913487,1,Rural,5,7.157298338,1,102
2022-12-11,Snacks,581,11.88778715,1,Rural,6,4.897645417,1,448
2022-12-12,Snacks,300,18.72188407,0,Rural,0,14.02204574,8,273
2022-12-13,Dairy,253,11.92810366,0,Suburban,1,2.220334603,7,203
2022-12-14,Beverages,1573,10.10773436,1,Suburban,2,14.03936663,3,97
2022-12-15,Snacks,1624,6.960826133,0,Urban,3,10.41606355,6,400
2022-12-16,Personal Care,172,12.52104794,0,Suburban,4,8.207796214,9,196
2022-12-17,Snacks,812,3.644762468,0,Suburban,5,0.973556381,7,442
2022-12-18,Snacks,395,18.06697092,0,Rural,6,7.396144781,3,113
2022-12-19,Beverages,1140,16.7573157,0,Suburban,0,6.412347523,6,398
2022-12-20,Household,1764,7.03309751,1,Rural,1,2.837672774,4,231
2022-12-21,Snacks,1340,19.10315302,0,Rural,2,10.01793925,3,174
2022-12-22,Dairy,160,16.67881458,0,Suburban,3,14.58168816,9,228
2022-12-23,Household,1038,13.65983083,0,Urban,4,8.65173776,2,88
2022-12-24,Personal Care,1739,3.313476311,1,Urban,5,10.86392251,1,309
2022-12-25,Beverages,141,10.08644644,1,Suburban,6,1.492531562,2,431
2022-12-26,Personal Care,124,10.61604354,1,Urban,0,6.556171439,7,52
2022-12-27,Household,1162,5.418475809,1,Rural,1,2.187198035,1,113
2022-12-28,Household,1926,2.519342493,0,Rural,2,9.385539615,6,78
2022-12-29,Household,230,15.75774898,1,Suburban,3,14.10799129,7,421
2022-12-30,Personal Care,1621,3.31866599,0,Urban,4,10.09577712,9,60
2022-12-31,Household,1352,12.29152426,0,Urban,5,1.613644201,8,146
2023-01-01,Personal Care,207,18.7925343,1,Rural,6,5.642659972,6,407
2023-01-02,Household,271,17.64599866,1,Suburban,0,8.484619002,3,491
2023-01-03,Dairy,1558,6.277299851,1,Urban,1,6.346512464,8,252
2023-01-04,Household,1601,17.17752411,1,Suburban,2,12.58783815,7,460
2023-01-05,Personal Care,201,1.006317616,1,Urban,3,12.31272957,3,70
2023-01-06,Snacks,965,1.336068383,0,Rural,4,9.371549791,9,88
2023-01-07,Household,623,12.44851011,1,Rural,5,5.915140204,2,272
2023-01-08,Snacks,374,7.931166164,1,Suburban,6,4.20237742,3,151
2023-01-09,Dairy,1736,8.342755982,1,Rural,0,2.035177614,2,95
2023-01-10,Beverages,1167,11.72438072,0,Urban,1,5.646016411,1,115
2023-01-11,Dairy,916,4.643866656,1,Rural,2,6.4910015,4,140
2023-01-12,Household,1056,5.023351663,0,Suburban,3,10.29943241,5,213
2023-01-13,Snacks,1140,10.20743015,1,Suburban,4,10.04331745,6,160
2023-01-14,Snacks,429,15.33081734,1,Suburban,5,1.516568025,5,387
2023-01-15,Personal Care,1692,12.77045728,0,Urban,6,6.231260074,1,172
2023-01-16,Snacks,1946,6.649745916,1,Urban,0,3.135793575,3,242
2023-01-17,Personal Care,1620,9.176406373,0,Urban,1,2.773784227,1,496
2023-01-18,Beverages,1938,4.242630412,0,Urban,2,12.49588117,5,148
2023-01-19,Household,111,2.417966472,0,Urban,3,1.107770642,5,340
2023-01-20,Personal Care,1441,15.87122477,1,Rural,4,6.578151701,6,208
2023-01-21,Beverages,1715,6.042360775,1,Urban,5,2.938953009,8,461
2023-01-22,Snacks,315,4.377561369,1,Urban,6,13.25028813,1,152
2023-01-23,Snacks,438,14.14074306,0,Rural,0,8.577087442,4,434
2023-01-24,Beverages,1899,12.74298181,1,Urban,1,3.855019227,1,330
2023-01-25,Snacks,760,13.03060289,0,Suburban,2,7.785195664,9,92
2023-01-26,Beverages,1204,5.348997492,1,Urban,3,11.10655222,7,133
2023-01-27,Personal Care,1850,5.420265233,0,Urban,4,14.39271113,7,240
2023-01-28,Personal Care,1608,5.195249966,0,Suburban,5,3.696467062,5,100
2023-01-29,Beverages,473,4.301299318,0,Suburban,6,13.3496357,7,435
2023-01-30,Personal Care,1075,13.45874978,1,Suburban,0,14.04740966,2,259
2023-01-31,Personal Care,809,17.11230182,0,Suburban,1,13.7880979,4,175
2023-02-01,Personal Care,1323,14.76203192,0,Urban,2,9.713508174,7,497
2023-02-02,Dairy,1660,16.04977904,0,Suburban,3,9.632399489,3,118
2023-02-03,Household,565,8.691170153,0,Suburban,4,6.346554181,2,314
2023-02-04,Snacks,1212,13.42744011,0,Rural,5,11.40976929,2,307
2023-02-05,Dairy,1391,7.730488568,0,Suburban,6,8.203763266,1,467
2023-02-06,Personal Care,1778,10.98458782,1,Suburban,0,10.32285203,5,237
2023-02-07,Beverages,1694,10.15106208,1,Rural,1,6.712639606,6,279
2023-02-08,Personal Care,588,4.360855758,0,Rural,2,11.10669873,6,238
2023-02-09,Household,1661,8.354496446,1,Urban,3,12.45483701,9,464
2023-02-10,Personal Care,146,19.31262323,1,Rural,4,2.623325721,4,59
2023-02-11,Beverages,1411,5.723024897,0,Urban,5,12.57748088,1,163
2023-02-12,Household,877,3.542270989,0,Rural,6,8.334299711,6,125
2023-02-13,Personal Care,1139,8.953031811,0,Rural,0,12.74765568,5,213
2023-02-14,Household,810,16.01641698,1,Urban,1,6.753874742,6,134
2023-02-15,Snacks,500,12.06081637,0,Rural,2,5.996087038,3,98
2023-02-16,Snacks,1917,13.93852172,1,Urban,3,13.76838062,2,375
2023-02-17,Personal Care,1080,4.604202115,0,Rural,4,4.141954379,6,226
2023-02-18,Household,1209,12.76001567,1,Suburban,5,12.74107872,1,436
2023-02-19,Beverages,349,7.146507503,0,Rural,6,7.518298301,7,438
2023-02-20,Personal Care,490,16.85176395,0,Urban,0,7.954383917,7,267
2023-02-21,Snacks,1905,12.95667731,1,Rural,1,4.972790082,7,238
2023-02-22,Snacks,434,4.778269278,1,Urban,2,8.809111909,1,395
2023-02-23,Personal Care,728,2.227716917,1,Urban,3,5.215562346,4,279
2023-02-24,Household,1642,1.810030976,1,Suburban,4,1.069406507,7,304
2023-02-25,Snacks,236,8.056762785,1,Suburban,5,4.443979777,9,285
2023-02-26,Household,982,6.051171596,1,Urban,6,0.592496129,5,75
2023-02-27,Snacks,787,13.27571235,0,Rural,0,14.68614441,2,121
2023-02-28,Snacks,1963,10.48734286,1,Urban,1,14.50333454,7,310
2023-03-01,Dairy,1621,6.054366282,0,Urban,2,6.229751813,1,303
2023-03-02,Snacks,926,3.835517781,0,Rural,3,11.06137739,7,320
2023-03-03,Beverages,826,3.416795491,1,Rural,4,5.514188427,6,172
2023-03-04,Personal Care,1600,17.42854745,0,Rural,5,10.23085078,7,193
2023-03-05,Personal Care,693,5.6260814,1,Rural,6,12.17873562,3,306
2023-03-06,Household,1346,13.38250231,1,Urban,0,14.22796555,3,193
2023-03-07,Snacks,1089,16.40303263,0,Urban,1,6.303078,7,470
2023-03-08,Beverages,471,12.66754491,0,Suburban,2,11.85782075,2,308
2023-03-09,Household,1034,17.3317394,1,Urban,3,4.355962534,1,485
2023-03-10,Dairy,1094,8.455480709,1,Rural,4,14.85981841,9,96
2023-03-11,Household,501,19.16822162,0,Suburban,5,0.873659182,9,400
2023-03-12,Household,1566,3.529755079,0,Rural,6,9.251167694,7,62
2023-03-13,Snacks,1613,2.940841063,0,Urban,0,10.06283673,7,425
2023-03-14,Dairy,714,13.51515078,0,Suburban,1,10.47666058,3,257
2023-03-15,Household,1396,18.91379169,1,Rural,2,2.245619892,2,360
2023-03-16,Beverages,1649,16.36878577,1,Suburban,3,14.10868186,7,284
2023-03-17,Beverages,1282,2.451920329,1,Suburban,4,3.127157546,9,198
2023-03-18,Personal Care,1275,6.307986565,1,Urban,5,9.529924347,1,371
2023-03-19,Dairy,1094,18.67605881,0,Rural,6,3.728803147,4,487
2023-03-20,Dairy,719,5.808110223,0,Suburban,0,4.954638047,6,204
2023-03-21,Personal Care,287,15.84223805,1,Suburban,1,8.423648855,7,215
2023-03-22,Household,1936,16.67751172,1,Rural,2,6.549304569,7,139
2023-03-23,Dairy,1221,10.41358997,1,Suburban,3,2.823271214,2,235
2023-03-24,Beverages,230,8.340629287,1,Suburban,4,2.978577835,4,367
2023-03-25,Beverages,904,9.552364216,1,Suburban,5,6.563099428,5,407
2023-03-26,Snacks,1294,5.312329193,1,Rural,6,11.48060318,1,223
2023-03-27,Dairy,1035,17.89842741,1,Rural,0,13.52048738,1,266
2023-03-28,Household,1085,9.561773478,1,Rural,1,1.719851103,3,444
2023-03-29,Personal Care,282,17.76672937,1,Rural,2,6.20000666,3,313
2023-03-30,Personal Care,1082,3.008176118,0,Urban,3,1.953560674,8,146
2023-03-31,Household,463,19.77723015,1,Suburban,4,0.740590969,9,166
2023-04-01,Snacks,138,9.422188661,0,Rural,5,10.0949209,1,248
2023-04-02,Personal Care,1650,1.908785587,0,Suburban,6,9.235516909,2,369
2023-04-03,Dairy,596,1.722415117,1,Suburban,0,2.86377715,2,70
2023-04-04,Snacks,1639,15.17793789,1,Urban,1,3.89028608,4,249
2023-04-05,Dairy,1472,13.52167515,0,Rural,2,0.843762428,2,420
2023-04-06,Beverages,1081,16.2404806,0,Rural,3,12.60673448,7,496
2023-04-07,Snacks,1020,3.001983145,1,Suburban,4,14.63301364,9,390
2023-04-08,Personal Care,1520,1.675846474,0,Rural,5,2.464163284,7,497
2023-04-09,Snacks,821,10.6630065,1,Suburban,6,3.8563906,6,297
2023-04-10,Snacks,1284,8.364309398,1,Suburban,0,13.0919381,1,325
2023-04-11,Snacks,115,9.776991797,1,Urban,1,13.93372507,9,313
2023-04-12,Snacks,592,19.84017977,0,Urban,2,6.584597051,5,107
2023-04-13,Dairy,1549,19.4442492,0,Urban,3,1.234025848,5,351
2023-04-14,Beverages,1231,18.9039924,1,Suburban,4,1.071181589,6,80
2023-04-15,Household,993,15.89301086,0,Rural,5,8.822273058,9,298
2023-04-16,Snacks,1573,7.741985845,0,Urban,6,6.196979079,8,142
2023-04-17,Personal Care,410,8.830487675,0,Rural,0,0.9154602,8,314
2023-04-18,Snacks,838,11.44270483,0,Urban,1,8.957159689,8,320
2023-04-19,Personal Care,1293,16.78015467,0,Urban,2,0.663886781,1,143
2023-04-20,Dairy,645,2.305543818,0,Suburban,3,11.91689339,1,203
2023-04-21,Personal Care,513,9.061640832,0,Urban,4,4.943275929,8,443
2023-04-22,Household,350,2.569735606,1,Urban,5,1.083741044,5,334
2023-04-23,Beverages,858,10.77849414,0,Suburban,6,9.031107204,9,129
2023-04-24,Personal Care,1904,18.07911566,0,Rural,0,6.266424009,2,341
2023-04-25,Personal Care,1264,15.86721357,0,Urban,1,14.62010599,9,133
2023-04-26,Beverages,1397,5.329005933,0,Suburban,2,8.390880606,8,414
2023-04-27,Household,1539,19.54382614,0,Urban,3,4.490968125,9,423
2023-04-28,Snacks,1731,13.67965756,0,Suburban,4,10.78686354,4,86
2023-04-29,Personal Care,1862,1.198126289,0,Rural,5,4.436634037,1,391
2023-04-30,Beverages,1162,5.852856209,0,Rural,6,13.61152773,1,376
2023-05-01,Dairy,913,5.953552698,1,Suburban,0,5.933468572,5,456
2023-05-02,Beverages,128,2.315831819,0,Suburban,1,8.47309416,2,474
2023-05-03,Dairy,1057,19.23670384,0,Suburban,2,1.233310005,8,281
2023-05-04,Household,576,10.0868506,0,Rural,3,6.67875795,5,142
2023-05-05,Snacks,417,18.02047735,0,Urban,4,12.56927133,5,385
2023-05-06,Beverages,344,7.122094565,1,Rural,5,12.18190768,2,151
2023-05-07,Personal Care,847,3.379437838,1,Suburban,6,3.752619103,7,461
2023-05-08,Household,796,10.01238609,1,Suburban,0,3.77814653,8,481
2023-05-09,Beverages,371,3.16517606,1,Rural,1,12.35092703,1,215
2023-05-10,Personal Care,1563,10.23429456,1,Suburban,2,13.99077709,2,208
2023-05-11,Beverages,1871,18.48564644,1,Rural,3,1.882733358,4,63
2023-05-12,Dairy,1362,10.89459469,1,Suburban,4,7.025850272,5,422
2023-05-13,Beverages,476,12.71349481,1,Urban,5,5.393087045,2,274
2023-05-14,Beverages,365,3.976130303,1,Urban,6,13.1249826,1,122
2023-05-15,Beverages,1025,1.830976892,1,Suburban,0,1.711111263,9,298
2023-05-16,Household,1020,3.105351281,1,Rural,1,3.561326167,1,140
2023-05-17,Beverages,1482,12.37209994,1,Urban,2,11.4107909,4,265
2023-05-18,Personal Care,439,2.805222281,1,Rural,3,1.24376081,2,139
2023-05-19,Dairy,488,8.143864909,1,Suburban,4,7.64176302,4,78
2023-05-20,Dairy,676,11.45174687,1,Rural,5,6.910552003,8,484
2023-05-21,Beverages,1812,8.384403174,1,Urban,6,5.348817095,8,354
2023-05-22,Household,102,4.109992228,0,Rural,0,6.221298572,9,476
2023-05-23,Household,1552,6.202034843,1,Rural,1,8.18413851,5,269
2023-05-24,Personal Care,1265,18.63803312,0,Suburban,2,2.839826697,7,377
2023-05-25,Beverages,475,13.84366324,1,Suburban,3,8.793940235,3,264
2023-05-26,Dairy,1793,10.42490893,1,Suburban,4,12.17876877,4,270
2023-05-27,Household,423,1.24158291,0,Urban,5,11.52233348,9,438
2023-05-28,Beverages,245,19.85589261,1,Urban,6,2.731548618,1,91
2023-05-29,Household,392,13.75764376,0,Suburban,0,2.664117311,2,184
2023-05-30,Household,1788,7.02152707,0,Suburban,1,4.388528332,5,91
2023-05-31,Dairy,531,17.70610454,0,Urban,2,5.735583532,3,213
2023-06-01,Snacks,804,5.910200786,1,Urban,3,6.42260593,2,410
2023-06-02,Personal Care,1048,11.336315,1,Urban,4,10.35560964,1,332
2023-06-03,Personal Care,684,13.08534451,1,Urban,5,1.321866266,3,107
2023-06-04,Dairy,498,5.200204058,0,Suburban,6,1.002754211,1,351
2023-06-05,Household,916,19.5895483,0,Urban,0,6.182703163,1,371
2023-06-06,Beverages,1467,15.21564621,1,Suburban,1,10.60887354,1,74
2023-06-07,Household,1063,11.59845128,1,Rural,2,3.304812473,8,122
2023-06-08,Dairy,1263,4.431297365,1,Rural,3,9.801814978,3,422
2023-06-09,Personal Care,286,2.023305933,1,Urban,4,4.267508,1,460
2023-06-10,Household,1928,7.081136818,1,Rural,5,13.34824858,7,178
2023-06-11,Personal Care,160,15.31055938,0,Rural,6,13.48750419,3,136
2023-06-12,Beverages,1038,6.117294668,0,Rural,0,4.810664462,8,379
2023-06-13,Personal Care,1503,11.25156819,0,Urban,1,3.834909432,4,475
2023-06-14,Personal Care,809,14.83099636,1,Urban,2,6.463907595,4,485
2023-06-15,Snacks,906,3.050930578,0,Rural,3,3.987707985,5,202
2023-06-16,Snacks,1563,14.02066231,0,Suburban,4,10.24956573,6,231
2023-06-17,Snacks,1442,2.745546866,0,Rural,5,12.47793793,7,174
2023-06-18,Personal Care,1425,19.3374651,0,Urban,6,10.2598359,4,116
2023-06-19,Dairy,1467,10.27948847,0,Urban,0,12.45308149,8,55
2023-06-20,Personal Care,110,3.862846046,1,Urban,1,6.256386352,6,174
2023-06-21,Dairy,1185,7.505289085,0,Rural,2,2.766596075,1,363
2023-06-22,Dairy,1968,8.854912537,1,Suburban,3,11.20028874,1,375
2023-06-23,Snacks,325,15.40551521,1,Urban,4,5.726880325,9,102
2023-06-24,Household,1276,15.12505194,1,Urban,5,10.23342697,6,115
2023-06-25,Beverages,1834,12.6268696,1,Rural,6,4.424337159,8,363
2023-06-26,Snacks,663,3.012683539,1,Suburban,0,1.677829705,7,131
2023-06-27,Snacks,871,3.87981806,0,Rural,1,14.89243603,6,136
2023-06-28,Household,1694,2.781381492,0,Urban,2,2.764921865,4,51
2023-06-29,Beverages,1707,11.96628288,1,Suburban,3,14.83210441,7,253
2023-06-30,Personal Care,1783,17.66563039,1,Suburban,4,14.67055902,9,199
2023-07-01,Personal Care,1984,9.242209733,1,Urban,5,12.01036251,7,342
2023-07-02,Snacks,1698,4.056115305,0,Suburban,6,10.06163295,1,453
2023-07-03,Beverages,1433,11.60280418,1,Suburban,0,8.878202229,9,152
2023-07-04,Snacks,984,16.42329212,0,Rural,1,13.05847241,4,73
2023-07-05,Dairy,1366,15.09252917,1,Urban,2,4.696873063,3,417
2023-07-06,Snacks,1616,17.74756481,0,Urban,3,7.281377581,4,261
2023-07-07,Snacks,1489,6.280139848,1,Urban,4,9.481154556,4,114
2023-07-08,Personal Care,1453,4.685123478,0,Urban,5,6.4622619,2,498
2023-07-09,Personal Care,1230,17.71651323,1,Urban,6,6.698553584,1,258
2023-07-10,Personal Care,325,13.49364594,0,Suburban,0,5.289127679,1,300
2023-07-11,Dairy,924,6.90764967,0,Rural,1,8.681361342,8,434
2023-07-12,Personal Care,317,15.10461296,0,Urban,2,12.83333066,2,166
2023-07-13,Beverages,1036,16.48724931,0,Rural,3,3.422161481,5,165
2023-07-14,Household,852,12.68458657,0,Rural,4,14.04927906,4,286
2023-07-15,Beverages,605,14.06979809,0,Suburban,5,10.49177098,8,154
2023-07-16,Beverages,358,8.129938184,0,Urban,6,12.43746158,2,308
2023-07-17,Personal Care,1897,11.23521768,1,Suburban,0,8.564765043,9,95
2023-07-18,Household,1640,10.95902424,1,Urban,1,11.80299217,7,360
2023-07-19,Household,1896,17.11290803,1,Suburban,2,0.734905761,7,380
2023-07-20,Household,153,16.95931563,1,Rural,3,12.36651616,1,265
2023-07-21,Dairy,1170,16.82092892,1,Urban,4,1.082013457,2,497
2023-07-22,Personal Care,826,1.209600671,0,Rural,5,13.40374396,4,350
2023-07-23,Household,788,15.2413642,0,Rural,6,14.88345983,4,459
2023-07-24,Dairy,1644,15.41485141,0,Suburban,0,4.763978202,3,382
2023-07-25,Snacks,1222,13.88919763,0,Urban,1,3.549619066,7,498
2023-07-26,Snacks,1143,15.3690285,0,Rural,2,11.59776878,8,73
2023-07-27,Dairy,1876,16.99743706,1,Suburban,3,4.168881943,2,84
2023-07-28,Dairy,1696,9.936062028,1,Urban,4,13.05065456,4,73
2023-07-29,Personal Care,1613,10.53895406,1,Urban,5,1.991217586,3,77
2023-07-30,Personal Care,518,3.369567081,1,Rural,6,2.326350348,2,65
2023-07-31,Snacks,789,8.322141778,0,Urban,0,14.69769755,6,108
2023-08-01,Household,949,13.22393842,0,Rural,1,10.27066402,4,292
2023-08-02,Snacks,161,15.82759575,0,Urban,2,12.77986475,6,487
2023-08-03,Household,1268,5.126972856,1,Suburban,3,5.202775972,2,256
2023-08-04,Household,315,3.618635084,0,Rural,4,10.30901437,4,449
2023-08-05,Personal Care,102,13.59779809,1,Rural,5,9.116506496,6,320
2023-08-06,Beverages,259,1.035717787,0,Urban,6,9.245676742,5,298
2023-08-07,Beverages,1862,4.389079102,0,Urban,0,10.39672066,3,316
2023-08-08,Dairy,880,1.552356227,1,Rural,1,8.84270801,8,242
2023-08-09,Personal Care,1243,4.170817239,0,Urban,2,6.721404355,7,384
2023-08-10,Household,992,4.445066319,0,Suburban,3,4.500879069,3,267
2023-08-11,Beverages,1212,8.3657983,1,Urban,4,11.6444293,6,164
2023-08-12,Household,428,8.644215369,0,Suburban,5,3.780950235,4,117
2023-08-13,Beverages,679,17.61098694,1,Suburban,6,10.53913744,5,348
2023-08-14,Beverages,1480,10.69208454,0,Suburban,0,3.883325928,5,374
2023-08-15,Beverages,1733,14.74469055,0,Suburban,1,9.567287464,7,446
2023-08-16,Personal Care,1390,2.9786098,0,Suburban,2,11.33263487,5,443
2023-08-17,Snacks,1740,5.283336354,0,Urban,3,3.671351389,3,124
2023-08-18,Household,1051,14.35592538,0,Suburban,4,1.369177862,5,152
2023-08-19,Personal Care,1446,2.003275249,0,Urban,5,2.399119273,7,346
2023-08-20,Personal Care,734,10.24535558,0,Suburban,6,9.286956025,5,227
2023-08-21,Personal Care,1087,12.38801035,0,Rural,0,12.81697289,5,264
2023-08-22,Personal Care,1664,12.44076724,1,Suburban,1,1.152453908,9,364
2023-08-23,Personal Care,1772,1.435723414,1,Rural,2,11.14519326,3,88
2023-08-24,Dairy,1318,7.12005208,0,Suburban,3,5.449120366,6,308
2023-08-25,Household,1020,13.09332237,0,Suburban,4,7.438661364,1,253
2023-08-26,Personal Care,837,3.830994987,1,Suburban,5,13.96846347,5,56
2023-08-27,Household,1455,14.21289732,0,Rural,6,5.313586819,8,98
2023-08-28,Dairy,269,15.17257897,0,Rural,0,7.247385542,5,75
2023-08-29,Dairy,620,19.65741462,1,Suburban,1,0.698395014,9,210
2023-08-30,Household,1586,4.986997902,0,Urban,2,1.68318144,6,406
2023-08-31,Beverages,139,16.67748269,0,Suburban,3,4.249578071,8,225
2023-09-01,Snacks,1660,10.88563496,1,Rural,4,0.903857492,8,128
2023-09-02,Beverages,1384,8.095789327,0,Suburban,5,9.654942228,3,51
2023-09-03,Beverages,1518,3.325158389,0,Rural,6,6.682776174,7,432
2023-09-04,Beverages,1054,14.97460652,1,Rural,0,8.44810544,7,465
2023-09-05,Personal Care,1349,5.481294384,0,Rural,1,3.032384195,6,181
2023-09-06,Dairy,1083,8.057018036,1,Suburban,2,4.791014427,7,325
2023-09-07,Beverages,1247,2.188302311,0,Rural,3,10.12545489,2,166
2023-09-08,Dairy,1074,16.2259714,0,Rural,4,14.49688949,9,213
2023-09-09,Household,137,15.56518196,1,Suburban,5,1.231043217,1,337
2023-09-10,Snacks,427,14.93870077,1,Rural,6,13.41057265,1,77
2023-09-11,Household,1374,6.689426699,0,Suburban,0,8.864777419,3,382
2023-09-12,Household,1299,4.296121411,1,Rural,1,8.676833718,3,50
2023-09-13,Personal Care,1725,13.11351202,1,Urban,2,7.754038761,1,237
2023-09-14,Snacks,1013,10.4271613,0,Urban,3,1.506214246,7,105
2023-09-15,Household,553,4.386796871,0,Rural,4,1.80321435,4,84
2023-09-16,Household,136,14.03231415,0,Urban,5,9.213224082,2,161
2023-09-17,Snacks,1439,19.8314022,1,Suburban,6,5.443899286,5,335
2023-09-18,Snacks,1811,15.19717217,1,Urban,0,13.80038697,6,359
2023-09-19,Household,1072,15.05974135,1,Rural,1,6.395562792,9,85
2023-09-20,Snacks,895,19.05594231,1,Rural,2,2.577581151,4,488
2023-09-21,Household,1072,4.855790984,0,Suburban,3,10.86342309,2,266
2023-09-22,Household,692,11.74544933,1,Rural,4,4.753624611,5,129
2023-09-23,Personal Care,1237,19.61328759,0,Suburban,5,8.119319457,3,363
2023-09-24,Beverages,1163,4.140588108,1,Urban,6,10.61857539,2,132
2023-09-25,Household,1424,14.30478723,0,Urban,0,13.55382961,1,114
2023-09-26,Dairy,323,12.13039277,0,Suburban,1,11.98677232,2,374
2023-09-27,Beverages,417,12.14310275,0,Suburban,2,10.30723548,6,177
2023-09-28,Beverages,448,14.25574192,1,Rural,3,10.35468114,8,356
2023-09-29,Beverages,214,18.66272153,0,Urban,4,14.21590734,3,71
2023-09-30,Personal Care,797,15.86905686,0,Suburban,5,4.789449414,9,265
2023-10-01,Household,1446,2.066585965,1,Urban,6,0.516125366,9,156
2023-10-02,Personal Care,1691,17.20183238,0,Suburban,0,4.443341111,2,158
2023-10-03,Household,1163,5.285285269,1,Urban,1,3.659425005,8,421
2023-10-04,Personal Care,1989,8.16136913,1,Rural,2,10.09660148,5,406
2023-10-05,Personal Care,139,9.772923459,0,Urban,3,9.688818197,4,230
2023-10-06,Dairy,1982,10.13721401,0,Urban,4,9.105190049,5,405
2023-10-07,Personal Care,1872,9.268427586,1,Urban,5,0.735529927,4,213
2023-10-08,Snacks,1412,18.80971259,0,Urban,6,11.06728179,8,117
2023-10-09,Dairy,1385,14.41436115,1,Urban,0,5.191190981,4,341
2023-10-10,Personal Care,315,12.99224227,1,Rural,1,10.14331184,6,229
2023-10-11,Beverages,1270,1.946998528,1,Suburban,2,8.570387213,2,230
2023-10-12,Snacks,435,18.17435327,0,Urban,3,5.469598419,5,483
2023-10-13,Snacks,1291,18.27841365,1,Rural,4,2.451355873,6,218
2023-10-14,Snacks,191,15.82404821,0,Urban,5,1.869074016,5,451
2023-10-15,Dairy,452,1.133554872,0,Urban,6,12.55701583,2,71
2023-10-16,Personal Care,670,2.08832477,0,Suburban,0,13.81676436,7,115
2023-10-17,Personal Care,1694,5.279250343,0,Urban,1,9.921926678,4,70
2023-10-18,Beverages,915,3.495638755,1,Rural,2,1.999794665,8,149
2023-10-19,Beverages,1804,8.577884564,0,Rural,3,6.329394645,7,433
2023-10-20,Snacks,880,18.5298381,1,Suburban,4,11.0696184,7,349
2023-10-21,Beverages,462,9.96914825,1,Urban,5,11.80740282,9,152
2023-10-22,Dairy,656,1.254649902,0,Rural,6,2.214170023,1,96
2023-10-23,Personal Care,1468,6.372168102,1,Urban,0,0.500445423,6,88
2023-10-24,Snacks,1816,1.847303259,1,Urban,1,10.82598717,6,334
2023-10-25,Beverages,1293,1.68946483,0,Urban,2,5.670644552,6,359
2023-10-26,Dairy,455,6.238677209,1,Suburban,3,4.189979308,6,139
2023-10-27,Dairy,290,6.236634435,1,Urban,4,0.687013312,7,134
2023-10-28,Beverages,1790,15.95540545,1,Rural,5,8.334341398,6,322
2023-10-29,Personal Care,521,19.5218584,1,Urban,6,12.84168566,1,385
2023-10-30,Beverages,799,8.052934784,0,Rural,0,14.38565887,3,237
2023-10-31,Snacks,106,9.148850698,1,Urban,1,8.703301784,2,208
2023-11-01,Beverages,232,17.05099929,1,Rural,2,7.959689252,6,292
2023-11-02,Dairy,1870,6.094641382,1,Rural,3,1.73331759,8,122
2023-11-03,Beverages,656,3.971254284,1,Urban,4,8.458655622,3,98
2023-11-04,Personal Care,925,17.20870284,0,Urban,5,6.009696645,8,150
2023-11-05,Household,860,1.883511142,1,Rural,6,9.303461573,8,51
2023-11-06,Beverages,1154,12.77428936,0,Suburban,0,6.136532044,5,293
2023-11-07,Personal Care,634,11.6778641,1,Urban,1,3.98433729,8,225
2023-11-08,Personal Care,525,7.572488503,0,Suburban,2,1.876996491,6,287
2023-11-09,Dairy,1517,6.988600901,0,Urban,3,5.066317447,5,447
2023-11-10,Personal Care,771,15.6652968,0,Urban,4,1.901350097,9,108
2023-11-11,Personal Care,462,2.642067604,0,Urban,5,3.065005787,7,402
2023-11-12,Personal Care,1560,5.498901877,0,Urban,6,14.8163743,8,148
2023-11-13,Personal Care,1793,14.9165259,1,Suburban,0,6.939501575,1,491
2023-11-14,Snacks,1674,11.41809109,1,Urban,1,8.212140614,2,408
2023-11-15,Snacks,181,3.431775962,1,Rural,2,13.16746867,8,491
2023-11-16,Dairy,455,17.76057667,0,Rural,3,14.93574906,9,484
2023-11-17,Beverages,1381,8.475509085,1,Suburban,4,8.949359515,4,51
2023-11-18,Personal Care,1841,16.72949913,0,Urban,5,12.28087041,9,292
2023-11-19,Beverages,688,15.9665473,0,Rural,6,5.240644853,4,346
2023-11-20,Beverages,1647,12.86408348,1,Suburban,0,4.933287383,9,260
2023-11-21,Dairy,394,10.39514149,1,Urban,1,6.339203954,7,172
2023-11-22,Personal Care,1347,19.61146597,0,Rural,2,10.25135531,2,278
2023-11-23,Personal Care,1648,3.754336375,0,Rural,3,10.39177949,9,131
2023-11-24,Household,1169,14.77795882,1,Suburban,4,5.070971802,4,193
2023-11-25,Beverages,1790,4.632623328,1,Urban,5,2.4315439,8,437
2023-11-26,Beverages,1236,7.426999001,1,Urban,6,9.669745719,7,189
2023-11-27,Snacks,1356,6.865276124,1,Rural,0,2.360725002,7,78
2023-11-28,Household,116,18.99368377,0,Rural,1,8.888141369,8,440
2023-11-29,Snacks,459,19.37976738,1,Rural,2,10.55462086,1,319
2023-11-30,Snacks,1346,4.47729344,1,Urban,3,10.6588667,5,296
2023-12-01,Snacks,965,1.418668046,1,Suburban,4,11.4253456,2,61
2023-12-02,Dairy,799,14.68015275,0,Suburban,5,13.15646161,2,404
2023-12-03,Dairy,547,8.941808744,0,Urban,6,7.749405383,1,438
2023-12-04,Snacks,955,2.687964657,0,Suburban,0,11.08861325,5,386
2023-12-05,Household,464,13.99132801,0,Rural,1,9.478004663,2,155
2023-12-06,Beverages,774,11.35700504,1,Suburban,2,3.206279127,4,81
2023-12-07,Household,1107,19.62981962,0,Suburban,3,0.872499851,3,123
2023-12-08,Personal Care,1449,5.320780421,1,Suburban,4,4.625850092,3,220
2023-12-09,Dairy,566,8.67557965,1,Rural,5,6.923988742,2,386
2023-12-10,Beverages,513,11.30837026,1,Urban,6,9.448036194,6,118
2023-12-11,Beverages,1578,16.04229978,1,Rural,0,12.82441029,2,350
2023-12-12,Personal Care,685,11.42793448,0,Urban,1,3.345562892,8,411
2023-12-13,Personal Care,1356,12.64510306,0,Urban,2,2.320471954,8,186
2023-12-14,Snacks,1347,5.29679398,0,Urban,3,14.47045924,5,482
2023-12-15,Dairy,1093,17.09145583,1,Suburban,4,2.066646111,7,466
2023-12-16,Dairy,1954,9.143980392,1,Suburban,5,7.438120517,4,149
2023-12-17,Household,1535,3.678232923,1,Urban,6,8.990674068,1,195
2023-12-18,Snacks,671,13.61957038,1,Urban,0,8.349929103,2,58
2023-12-19,Snacks,434,5.105718611,1,Suburban,1,1.747466277,4,111
2023-12-20,Snacks,1345,2.853687695,0,Rural,2,1.326890253,1,234
2023-12-21,Snacks,136,17.37775126,1,Urban,3,2.029509698,8,78
2023-12-22,Dairy,1088,9.743083025,0,Rural,4,8.991021416,9,430
2023-12-23,Dairy,377,15.23639054,1,Suburban,5,8.393000871,4,163
2023-12-24,Snacks,1319,6.521163636,1,Urban,6,3.889241485,3,458
2023-12-25,Household,1015,15.95243256,0,Rural,0,9.747725057,2,192
2023-12-26,Beverages,1987,3.126782613,0,Rural,1,12.39097878,5,439
2023-12-27,Beverages,583,7.763494102,1,Rural,2,1.102894918,3,169
2023-12-28,Household,1365,19.58317454,1,Suburban,3,7.722884181,7,219
2023-12-29,Snacks,1447,16.08580461,1,Suburban,4,10.49500098,6,206
2023-12-30,Dairy,830,10.44786268,1,Rural,5,4.158522943,1,384
2023-12-31,Beverages,291,7.45577196,0,Rural,6,4.962678127,8,398
2024-01-01,Personal Care,1140,17.5705783,1,Suburban,0,9.397749593,2,309
2024-01-02,Personal Care,623,11.35210742,0,Rural,1,13.52006175,5,131
2024-01-03,Household,1017,15.41007534,1,Rural,2,12.24390409,9,291
2024-01-04,Snacks,500,15.32804593,0,Suburban,3,8.955388177,8,490
2024-01-05,Beverages,985,1.340967893,0,Rural,4,11.08821491,2,482
2024-01-06,Snacks,804,3.398821873,1,Rural,5,5.789925818,9,221
2024-01-07,Beverages,121,13.53295796,0,Rural,6,9.794000157,5,280
2024-01-08,Household,573,4.070776414,1,Suburban,0,7.259633071,6,257
2024-01-09,Household,1243,5.854373548,0,Rural,1,3.254073979,3,124
2024-01-10,Personal Care,309,18.98612113,1,Suburban,2,10.67520497,3,319
2024-01-11,Snacks,405,11.64346291,0,Suburban,3,8.568737242,8,436
2024-01-12,Personal Care,1393,15.26386063,1,Urban,4,5.700012938,2,163
2024-01-13,Snacks,803,11.60163404,1,Urban,5,13.71441826,2,111
2024-01-14,Personal Care,786,11.49775868,0,Rural,6,0.803544708,5,411
2024-01-15,Dairy,384,2.788886292,0,Suburban,0,5.078710693,6,369
2024-01-16,Dairy,815,7.52960066,0,Urban,1,1.324780268,2,151
2024-01-17,Dairy,1799,6.366187075,0,Rural,2,11.61464609,5,478
2024-01-18,Dairy,862,8.423838947,1,Urban,3,10.68055808,7,411
2024-01-19,Beverages,1350,16.16853958,0,Urban,4,5.304607172,8,259
2024-01-20,Dairy,1047,8.06672069,1,Suburban,5,10.29711208,7,491
2024-01-21,Household,480,9.582239565,0,Suburban,6,6.24108978,8,304
2024-01-22,Household,559,8.550246419,1,Urban,0,11.46567998,9,69
2024-01-23,Beverages,1130,2.774751468,1,Urban,1,7.08566311,5,107
2024-01-24,Dairy,128,9.380371007,1,Suburban,2,6.478056054,5,161
2024-01-25,Dairy,1006,4.716576188,1,Rural,3,14.05358377,4,362
2024-01-26,Dairy,1156,4.54774262,0,Suburban,4,4.137746948,9,245
2024-01-27,Personal Care,1769,2.786685984,0,Urban,5,2.24648643,5,424
2024-01-28,Snacks,978,7.776748509,1,Rural,6,8.975875142,2,402
2024-01-29,Personal Care,178,15.39215581,0,Urban,0,14.55516628,8,141
2024-01-30,Snacks,1046,6.252392121,0,Rural,1,5.978668599,7,101
2024-01-31,Dairy,558,6.934632936,1,Urban,2,1.399533073,8,342
2024-02-01,Dairy,669,13.2108185,0,Rural,3,5.419926376,3,57
2024-02-02,Personal Care,1661,4.720975439,0,Rural,4,7.836008988,4,349
2024-02-03,Personal Care,1605,18.04220068,0,Urban,5,2.847883596,5,147
2024-02-04,Snacks,1553,10.88361994,1,Rural,6,10.04248216,6,285
2024-02-05,Household,837,9.504455866,0,Suburban,0,14.96736614,1,438
2024-02-06,Snacks,1408,11.59858365,1,Urban,1,7.050222402,4,423
2024-02-07,Personal Care,615,4.154651955,0,Suburban,2,5.643564073,5,118
2024-02-08,Personal Care,1222,12.65598963,0,Urban,3,6.310210419,7,464
2024-02-09,Beverages,496,7.898913996,0,Rural,4,2.169619587,5,94
2024-02-10,Personal Care,1612,18.04654048,1,Rural,5,13.30746722,1,186
2024-02-11,Beverages,138,4.208229927,1,Rural,6,6.514972005,7,283
2024-02-12,Household,1394,10.63397097,0,Urban,0,6.115478966,8,81
2024-02-13,Snacks,986,12.36413996,1,Suburban,1,10.06550896,7,338
2024-02-14,Snacks,896,1.634288434,0,Suburban,2,6.909484604,4,175
2024-02-15,Beverages,256,7.91016937,1,Urban,3,9.899385298,8,116
2024-02-16,Snacks,1198,14.92006946,1,Urban,4,1.390971207,5,79
2024-02-17,Personal Care,983,16.58717264,0,Suburban,5,12.29898848,9,163
2024-02-18,Dairy,1923,6.950077902,0,Suburban,6,14.13730732,5,253
2024-02-19,Beverages,1253,16.17327218,0,Suburban,0,9.907098099,1,78
2024-02-20,Snacks,1810,19.38736166,0,Suburban,1,14.34120597,9,180
2024-02-21,Beverages,1073,17.28060479,1,Urban,2,2.695768558,5,234
2024-02-22,Beverages,1207,3.235235775,1,Urban,3,7.422534747,6,302
2024-02-23,Dairy,1145,15.05487631,1,Rural,4,9.226197642,4,335
2024-02-24,Personal Care,1582,7.073669816,0,Suburban,5,8.935181388,6,442
2024-02-25,Beverages,1662,19.7799038,0,Rural,6,6.321195797,8,459
2024-02-26,Snacks,1830,10.22182068,1,Urban,0,5.402223936,3,435
2024-02-27,Household,948,3.326244069,0,Urban,1,2.338948327,5,111
2024-02-28,Beverages,1505,14.77852541,1,Rural,2,6.180265533,2,52
2024-02-29,Beverages,847,7.137212769,1,Suburban,3,2.858581819,2,479
2024-03-01,Dairy,1563,19.94448498,1,Suburban,4,11.14830231,7,117
2024-03-02,Personal Care,1727,19.6158667,1,Suburban,5,3.528048565,6,74
2024-03-03,Household,1088,13.46654634,1,Suburban,6,1.349196927,4,228
2024-03-04,Snacks,120,3.46670253,0,Rural,0,8.509308998,5,190
2024-03-05,Household,402,14.05035896,0,Rural,1,9.130831124,1,280
2024-03-06,Snacks,968,2.767579243,0,Urban,2,13.14273939,7,349
2024-03-07,Personal Care,183,1.557919023,1,Suburban,3,8.86623338,8,212
2024-03-08,Snacks,1897,16.63621048,1,Suburban,4,5.509472379,9,360
2024-03-09,Dairy,1782,4.985306006,1,Suburban,5,12.14367228,8,442
2024-03-10,Dairy,1576,8.201515398,1,Rural,6,8.334043951,5,179
2024-03-11,Dairy,1510,19.49569041,0,Suburban,0,1.649564127,3,494
2024-03-12,Dairy,1630,7.399969535,0,Rural,1,8.704833125,9,295
2024-03-13,Household,1380,6.633305844,1,Suburban,2,13.66626891,6,346
2024-03-14,Personal Care,669,18.44595199,1,Suburban,3,6.24653307,5,221
2024-03-15,Snacks,1033,3.104220461,1,Urban,4,4.796724128,3,113
2024-03-16,Snacks,1650,15.43206579,0,Suburban,5,2.580307127,6,80
2024-03-17,Dairy,1285,19.77324577,0,Suburban,6,2.695960068,3,96
2024-03-18,Dairy,1286,18.1246242,0,Urban,0,6.775186523,6,179
2024-03-19,Beverages,1955,13.38169046,1,Rural,1,9.13735745,4,401
2024-03-20,Personal Care,1108,6.967155105,1,Rural,2,1.668923375,2,382
2024-03-21,Household,892,5.832117642,0,Suburban,3,14.12374454,8,159
2024-03-22,Snacks,891,16.56584699,1,Rural,4,11.44943745,4,118
2024-03-23,Beverages,1647,17.71661637,0,Suburban,5,9.006046815,9,107
2024-03-24,Beverages,1909,10.98326334,1,Urban,6,12.51236073,7,155
2024-03-25,Snacks,1394,5.642458875,0,Urban,0,1.662707974,2,349
2024-03-26,Household,591,3.14592096,1,Suburban,1,7.414163727,4,379
2024-03-27,Beverages,307,2.656409889,0,Urban,2,9.636350339,5,305
2024-03-28,Beverages,1662,14.6624715,0,Urban,3,12.51546714,3,361
2024-03-29,Personal Care,1707,8.982255829,0,Suburban,4,11.86030862,9,220
2024-03-30,Household,1183,18.20183761,0,Suburban,5,4.517504121,5,432
2024-03-31,Beverages,529,15.05375471,0,Urban,6,14.14276246,2,211
2024-04-01,Household,1084,4.63394794,0,Rural,0,2.303014701,3,335
2024-04-02,Snacks,1780,12.66177096,1,Rural,1,13.18943747,9,120
2024-04-03,Dairy,1728,9.274603634,1,Suburban,2,14.57863362,7,304
2024-04-04,Beverages,1432,11.96774488,1,Suburban,3,3.068726087,2,423
2024-04-05,Personal Care,619,15.02331334,0,Rural,4,10.96995793,9,104
2024-04-06,Snacks,690,16.31772174,0,Urban,5,1.084140022,4,372
2024-04-07,Household,1150,17.0310092,1,Rural,6,6.378630965,9,446
2024-04-08,Snacks,1809,5.825522617,0,Rural,0,7.986107838,2,52
2024-04-09,Beverages,1685,1.591196398,0,Rural,1,8.919355776,4,75
2024-04-10,Household,298,15.04659997,0,Rural,2,14.0710901,5,362
2024-04-11,Dairy,486,3.020530799,0,Suburban,3,10.24763497,2,175
2024-04-12,Snacks,448,6.983472184,0,Suburban,4,7.478530293,1,457
2024-04-13,Beverages,1059,1.072525548,1,Urban,5,12.24028803,7,102
2024-04-14,Personal Care,792,13.95172017,1,Urban,6,14.2827259,1,247
2024-04-15,Household,1659,4.175508218,1,Urban,0,0.819959156,8,348
2024-04-16,Snacks,1951,13.45036578,1,Urban,1,14.74655845,3,237
2024-04-17,Snacks,477,19.84310973,1,Rural,2,1.748916016,6,235
2024-04-18,Dairy,998,2.380746561,0,Suburban,3,12.3086083,7,354
2024-04-19,Dairy,1015,2.464482227,0,Suburban,4,4.564853912,1,347
2024-04-20,Personal Care,1681,7.467221761,0,Urban,5,2.416605037,6,253
2024-04-21,Personal Care,626,17.46134377,0,Urban,6,6.877906776,7,499
2024-04-22,Beverages,1276,5.095067507,1,Rural,0,9.837370402,6,60
2024-04-23,Beverages,833,7.847178579,1,Rural,1,6.023801753,4,408
2024-04-24,Personal Care,305,2.301602726,1,Urban,2,1.29119842,1,403
2024-04-25,Personal Care,554,15.49995053,0,Suburban,3,9.192186525,9,195
2024-04-26,Household,1396,8.757820512,1,Suburban,4,13.5848475,4,134
2024-04-27,Dairy,1359,15.42572593,0,Suburban,5,6.056622806,7,149
2024-04-28,Beverages,1975,18.16854904,1,Urban,6,3.636825276,7,153
2024-04-29,Dairy,1863,5.422499795,1,Suburban,0,6.917371516,2,485
2024-04-30,Dairy,620,16.34052458,0,Rural,1,1.20125931,1,95
2024-05-01,Personal Care,1801,2.122783911,0,Rural,2,12.39706997,8,93
2024-05-02,Household,1116,18.07810038,1,Urban,3,12.48194176,8,327
2024-05-03,Snacks,1055,13.3646024,1,Rural,4,9.02600672,7,230
2024-05-04,Household,1954,17.61030776,0,Urban,5,5.61999189,8,236
2024-05-05,Household,825,1.003579592,1,Suburban,6,12.09685878,3,163
2024-05-06,Dairy,1113,4.212540337,1,Suburban,0,8.542961859,2,304
2024-05-07,Household,600,8.405428361,0,Suburban,1,12.47601847,7,430
2024-05-08,Beverages,216,8.210555164,1,Rural,2,9.656152492,8,429
2024-05-09,Dairy,485,5.307877276,0,Urban,3,11.87387936,1,79
2024-05-10,Beverages,1467,8.250626857,1,Suburban,4,9.179163402,9,313
2024-05-11,Snacks,683,3.448125528,0,Urban,5,6.505045489,4,147
2024-05-12,Dairy,494,8.842461456,1,Suburban,6,14.39021497,4,362
2024-05-13,Snacks,1187,16.24473225,0,Rural,0,8.346150461,3,416
2024-05-14,Dairy,1840,10.1023312,1,Rural,1,9.273798019,6,378
2024-05-15,Personal Care,820,1.34200169,0,Urban,2,3.697070772,1,164
2024-05-16,Household,171,9.00743679,1,Rural,3,9.571936447,6,325
2024-05-17,Personal Care,1912,1.516325306,1,Rural,4,8.788310918,2,330
2024-05-18,Snacks,373,19.3586248,1,Urban,5,3.18015677,9,324
2024-05-19,Household,1443,3.421625229,1,Suburban,6,1.364012912,2,310
2024-05-20,Dairy,437,14.4460782,1,Rural,0,9.263210136,7,380
2024-05-21,Household,1489,19.48275013,1,Urban,1,11.57353791,1,256
2024-05-22,Beverages,1618,16.69474198,1,Rural,2,8.089319878,7,433
2024-05-23,Household,706,14.28699213,1,Rural,3,3.788203067,5,377
2024-05-24,Beverages,265,16.94975728,1,Rural,4,10.16456866,8,260
2024-05-25,Household,1667,19.65417517,0,Rural,5,1.661533036,4,264
2024-05-26,Beverages,110,12.80554545,0,Urban,6,6.90658872,7,460
2024-05-27,Snacks,1424,11.62451133,1,Urban,0,2.868817997,6,89
2024-05-28,Personal Care,828,12.9365241,0,Urban,1,3.17465624,5,75
2024-05-29,Dairy,900,11.12084185,1,Rural,2,3.433262263,4,76
2024-05-30,Household,201,13.06669301,1,Rural,3,6.107252327,7,239
2024-05-31,Personal Care,1548,9.547001951,0,Rural,4,1.241677981,5,132
2024-06-01,Dairy,1515,5.150420475,1,Urban,5,6.268004893,5,433
2024-06-02,Dairy,878,3.284697304,1,Rural,6,7.919757983,1,483
2024-06-03,Beverages,313,2.298477775,0,Suburban,0,7.507767132,2,219
2024-06-04,Snacks,1814,6.002999891,0,Rural,1,6.050369456,5,462
2024-06-05,Snacks,1211,1.876347722,1,Suburban,2,12.66762582,3,216
2024-06-06,Personal Care,1676,11.77624482,0,Rural,3,2.60723704,2,237
2024-06-07,Snacks,500,6.392740493,0,Urban,4,7.832602785,4,218
2024-06-08,Household,687,16.66616135,1,Rural,5,1.399600546,4,338
2024-06-09,Snacks,988,2.410576587,0,Suburban,6,1.531757344,4,278
2024-06-10,Personal Care,1169,5.300678392,0,Suburban,0,8.82105482,4,146
2024-06-11,Snacks,1795,14.87467679,1,Rural,1,8.707267161,3,416
2024-06-12,Household,1586,12.37735763,0,Suburban,2,13.23148594,7,65
2024-06-13,Beverages,691,2.225334154,0,Suburban,3,8.589168297,9,328
2024-06-14,Personal Care,1433,17.66754969,1,Urban,4,14.4169698,5,184
2024-06-15,Beverages,1209,17.66797349,1,Rural,5,1.206075302,4,75
2024-06-16,Beverages,191,7.277752074,1,Rural,6,1.921111429,2,401
2024-06-17,Beverages,1783,7.467711024,0,Rural,0,1.138954993,2,61
2024-06-18,Dairy,772,19.79153881,1,Suburban,1,3.18651433,5,121
2024-06-19,Dairy,813,12.89734726,1,Rural,2,8.348416609,7,182
2024-06-20,Beverages,1035,11.09501389,0,Rural,3,9.860796631,9,155
2024-06-21,Personal Care,341,16.92489149,1,Urban,4,1.16098479,7,269
2024-06-22,Household,1988,6.420516429,1,Urban,5,14.2165779,5,422
2024-06-23,Household,101,9.154469275,1,Urban,6,12.71139796,6,226
2024-06-24,Snacks,324,6.087756834,1,Suburban,0,4.800880991,3,331
2024-06-25,Personal Care,900,15.99405609,0,Rural,1,1.619219188,5,182
2024-06-26,Dairy,1868,11.89363757,1,Urban,2,2.963362562,8,71
2024-06-27,Beverages,688,13.51767633,1,Urban,3,2.340693999,1,318
2024-06-28,Snacks,215,5.793837747,0,Urban,4,2.2876148,1,461
2024-06-29,Household,1789,5.184280726,1,Rural,5,8.019144486,7,210
2024-06-30,Dairy,1017,10.27911795,0,Rural,6,4.064787916,5,156
2024-07-01,Dairy,1226,15.01374923,0,Rural,0,5.69302589,5,328
2024-07-02,Beverages,293,10.97955539,0,Suburban,1,14.84782733,1,402
2024-07-03,Household,1289,1.620267873,1,Suburban,2,10.42255661,9,284
2024-07-04,Personal Care,970,17.50247862,0,Urban,3,14.26021967,1,67
2024-07-05,Dairy,189,2.229050977,0,Rural,4,2.567070048,5,291
2024-07-06,Beverages,1809,19.16066519,0,Urban,5,6.041022385,9,166
2024-07-07,Personal Care,221,1.477697207,1,Rural,6,8.543611148,4,335
2024-07-08,Household,242,14.19455867,1,Rural,0,1.612991897,8,331
2024-07-09,Dairy,1093,2.561934211,1,Rural,1,0.560717933,6,193
2024-07-10,Personal Care,205,18.30285501,1,Suburban,2,10.22129784,3,254
2024-07-11,Personal Care,986,9.824231488,1,Suburban,3,9.806382994,4,88
2024-07-12,Personal Care,527,3.612951722,1,Rural,4,6.456437745,2,466
2024-07-13,Dairy,1428,7.475498296,1,Urban,5,7.599839102,1,203
2024-07-14,Dairy,1995,4.131668832,0,Rural,6,6.523923509,8,225
2024-07-15,Snacks,416,4.24105632,0,Rural,0,0.84807315,1,498
2024-07-16,Household,734,19.01405808,0,Urban,1,5.36288829,1,290
2024-07-17,Beverages,108,9.459676133,0,Rural,2,3.067692703,4,471
2024-07-18,Personal Care,873,15.98724301,1,Urban,3,1.927150742,6,435
2024-07-19,Snacks,1196,13.15250566,0,Suburban,4,14.37244629,9,418
2024-07-20,Beverages,1482,13.85210088,0,Suburban,5,9.190716013,1,183
2024-07-21,Snacks,322,3.502175331,0,Urban,6,11.06551612,7,95
2024-07-22,Dairy,1539,5.449504489,0,Suburban,0,5.072774277,5,99
2024-07-23,Personal Care,652,15.94825637,1,Suburban,1,6.200633378,8,215
2024-07-24,Beverages,1493,19.44455792,1,Urban,2,3.935397912,7,155
2024-07-25,Beverages,815,5.990837209,1,Suburban,3,1.906002229,4,265
2024-07-26,Beverages,1387,6.15980653,0,Rural,4,3.095958743,4,195
2024-07-27,Beverages,1963,9.985045523,1,Rural,5,12.06395366,6,460
2024-07-28,Beverages,1813,19.69296594,0,Urban,6,10.32441418,6,474
2024-07-29,Snacks,1983,6.110219971,1,Suburban,0,8.430468702,9,121
2024-07-30,Personal Care,1441,8.732466283,1,Rural,1,7.388803157,5,379
2024-07-31,Dairy,1207,17.9381203,1,Rural,2,13.87529711,8,322
2024-08-01,Dairy,1441,1.05549962,1,Suburban,3,1.554656743,5,296
2024-08-02,Dairy,210,1.755553335,1,Suburban,4,4.568711792,2,495
2024-08-03,Dairy,350,12.47736186,0,Rural,5,5.574098877,6,462
2024-08-04,Snacks,482,18.24022313,1,Rural,6,11.84517428,9,235
2024-08-05,Household,106,5.538276548,0,Urban,0,14.89146199,3,119
2024-08-06,Personal Care,558,9.923193719,0,Urban,1,3.989722464,1,199
2024-08-07,Beverages,1207,9.558840731,0,Rural,2,13.17745634,1,295
2024-08-08,Household,307,9.986455576,0,Urban,3,12.54403003,3,311
2024-08-09,Dairy,999,12.82787422,0,Rural,4,3.757532266,5,75
2024-08-10,Household,1513,9.925131497,1,Rural,5,6.290322413,3,472
2024-08-11,Personal Care,1437,9.501894685,1,Urban,6,6.440256605,9,189
2024-08-12,Beverages,121,10.01147999,1,Urban,0,14.68419969,8,148
2024-08-13,Beverages,509,12.22648138,1,Suburban,1,3.12293257,3,447
2024-08-14,Personal Care,994,11.20314228,0,Suburban,2,12.08779058,9,327
2024-08-15,Personal Care,614,17.22858396,1,Suburban,3,5.345794356,6,100
2024-08-16,Dairy,1250,1.940440216,1,Rural,4,11.09762001,7,200
2024-08-17,Beverages,908,16.83302436,0,Urban,5,6.590159562,4,481
2024-08-18,Household,1823,17.03456764,0,Rural,6,8.886216565,4,153
2024-08-19,Snacks,973,6.413252409,1,Urban,0,12.57287071,2,483
2024-08-20,Snacks,113,9.794187145,1,Rural,1,12.16040069,5,138
2024-08-21,Personal Care,1070,9.332231282,0,Suburban,2,13.06313616,8,190
2024-08-22,Dairy,1077,5.151686853,1,Suburban,3,1.364451217,7,262
2024-08-23,Snacks,1113,8.539140095,1,Suburban,4,10.53473302,7,282
2024-08-24,Beverages,1135,1.843367671,1,Rural,5,2.529816962,6,443
2024-08-25,Personal Care,186,6.278619383,1,Urban,6,6.529369236,3,232
2024-08-26,Household,1647,16.51696133,0,Urban,0,8.454532018,5,300
2024-08-27,Personal Care,1008,6.406683733,0,Suburban,1,6.339722529,1,58
2024-08-28,Household,1660,16.54592671,0,Suburban,2,8.034369299,7,128
2024-08-29,Personal Care,1424,11.10038983,1,Suburban,3,14.94963148,9,101
2024-08-30,Personal Care,1366,17.71739087,1,Suburban,4,2.460651049,1,435
2024-08-31,Personal Care,221,11.92081153,1,Urban,5,10.29411266,2,458
2024-09-01,Household,1270,1.563696238,1,Rural,6,6.242014013,3,318
2024-09-02,Household,1690,13.83298394,1,Rural,0,2.428642084,3,275
2024-09-03,Personal Care,849,1.852217792,0,Rural,1,2.801683069,8,100
2024-09-04,Snacks,1479,9.561343361,1,Rural,2,14.26446004,7,235
2024-09-05,Dairy,784,18.65910719,1,Suburban,3,13.2542217,6,83
2024-09-06,Dairy,1856,4.138874847,0,Suburban,4,13.65210843,4,340
2024-09-07,Dairy,1754,8.407574706,1,Suburban,5,14.87722525,9,279
2024-09-08,Household,408,14.86734587,0,Rural,6,3.520573155,1,180
2024-09-09,Household,794,17.76291257,0,Suburban,0,5.653870392,2,169
2024-09-10,Snacks,387,13.74791709,0,Suburban,1,10.20367593,4,492
2024-09-11,Dairy,406,5.90529183,0,Urban,2,7.515136828,3,375
2024-09-12,Dairy,1935,13.81754921,0,Urban,3,6.566648234,1,296
2024-09-13,Personal Care,1717,6.637825181,1,Suburban,4,5.688263115,5,481
2024-09-14,Household,1013,14.65015537,0,Urban,5,9.109819163,7,241
2024-09-15,Dairy,1846,19.12662942,0,Urban,6,8.846104715,2,452
2024-09-16,Snacks,761,14.70647557,1,Suburban,0,2.841138594,5,372
2024-09-17,Snacks,648,17.39472956,1,Suburban,1,7.340227644,6,259
2024-09-18,Dairy,1475,1.03997302,0,Suburban,2,8.525340755,7,152
2024-09-19,Household,411,14.63387037,1,Suburban,3,8.769160612,1,378
2024-09-20,Snacks,972,16.76216358,1,Rural,4,3.546554297,7,421
2024-09-21,Personal Care,1182,1.770616013,0,Rural,5,11.26293519,4,182
2024-09-22,Snacks,1766,17.56035682,0,Suburban,6,0.865386875,8,372
2024-09-23,Beverages,1023,5.877190338,1,Urban,0,5.645061905,4,188
2024-09-24,Beverages,1837,13.64054994,0,Suburban,1,11.8130834,6,170
2024-09-25,Household,854,16.2067427,0,Suburban,2,8.676447355,9,143
2024-09-26,Dairy,134,13.59062575,1,Urban,3,4.286855271,5,178
